{"stats":{"minecraft:killed_by":{"minecraft:player":1,"minecraft:spider":1,"minecraft:enderman":1},"minecraft:used":{"minecraft:stone_sword":6,"minecraft:stone_pickaxe":47,"minecraft:shield":1,"minecraft:leather_boots":1,"minecraft:torch":2,"minecraft:dirt":4,"minecraft:wooden_axe":3,"minecraft:bread":5,"minecraft:iron_pickaxe":3,"minecraft:stone_axe":9,"minecraft:wooden_sword":44,"minecraft:cobblestone":25},"minecraft:custom":{"minecraft:interact_with_furnace":7,"minecraft:mob_kills":7,"minecraft:interact_with_crafting_table":6,"minecraft:damage_dealt_resisted":124,"minecraft:leave_game":1,"minecraft:time_since_death":3770,"minecraft:climb_one_cm":416,"minecraft:time_since_rest":3794,"minecraft:sprint_one_cm":42850,"minecraft:damage_taken":1467,"minecraft:walk_one_cm":105275,"minecraft:damage_blocked_by_shield":30,"minecraft:drop":7,"minecraft:damage_dealt":1210,"minecraft:swim_one_cm":5192,"minecraft:fly_one_cm":43082,"minecraft:player_kills":1,"minecraft:open_chest":5,"minecraft:crouch_one_cm":6305,"minecraft:play_time":33854,"minecraft:deaths":4,"minecraft:sneak_time":2091,"minecraft:walk_under_water_one_cm":4315,"minecraft:jump":348,"minecraft:walk_on_water_one_cm":4302,"minecraft:total_world_time":33854,"minecraft:fall_one_cm":12935},"minecraft:mined":{"minecraft:flowering_azalea":1,"projectvibrantjourneys:rocks":1,"minecraft:crafting_table":2,"minecraft:cave_vines_plant":1,"minecraft:acacia_log":8,"minecraft:grass_block":8,"minecraft:chest":1,"minecraft:tall_grass":3,"minecraft:cobblestone":3,"minecraft:lily_pad":1,"projectvibrantjourneys:fallen_leaves":3,"minecraft:moss_block":1,"minecraft:seagrass":1,"minecraft:furnace":1,"minecraft:iron_ore":9,"projectvibrantjourneys:bones":1,"minecraft:grass":28,"projectvibrantjourneys:short_grass":22,"minecraft:stone":32},"minecraft:picked_up":{"minecraft:wooden_axe":1,"minecraft:charcoal":1,"minecraft:crafting_table":1,"minecraft:feather":6,"minecraft:chicken":1,"projectvibrantjourneys:fallen_leaves":4,"alexsmobs:acacia_blossom":1,"minecraft:lily_pad":3,"minecraft:shield":2,"minecraft:dirt":8,"minecraft:wooden_sword":3,"minecraft:leather_boots":3,"minecraft:bone":4,"minecraft:acacia_planks":16,"minecraft:wheat_seeds":10,"minecraft:stone_pickaxe":1,"minecraft:moss_block":2,"minecraft:chest":1,"minecraft:acacia_sapling":1,"minecraft:flowering_azalea":1,"minecraft:furnace":1,"minecraft:stick":3,"minecraft:raw_iron":34,"projectvibrantjourneys:acacia_hollow_log":1,"minecraft:torch":1,"car:canola_seeds":3,"minecraft:acacia_log":9,"alexsmobs:animal_dictionary":6,"minecraft:stone_sword":1,"minecraft:rotten_flesh":4,"minecraft:stone_axe":2,"minecraft:bread":27,"minecraft:oak_sapling":2,"minecraft:glow_berries":1,"minecraft:coal":10,"minecraft:cobblestone":169},"minecraft:crafted":{"minecraft:air":0,"minecraft:iron_pickaxe":1,"minecraft:iron_ingot":19,"minecraft:stone_pickaxe":1,"minecraft:acacia_planks":10,"minecraft:torch":4},"minecraft:dropped":{"minecraft:stone_axe":1,"minecraft:stone_sword":1,"minecraft:acacia_log":1,"minecraft:shield":1,"minecraft:torch":1,"minecraft:wooden_axe":1,"minecraft:leather_boots":1},"minecraft:killed":{"hordes:zombie_player":2,"minecraft:zombie":2,"minecraft:chicken":1,"alexsmobs:gazelle":1}},"DataVersion":3465}