{"stats":{"minecraft:killed_by":{"minecraft:player":1},"minecraft:used":{"minecraft:stone_sword":22,"minecraft:stone_pickaxe":107,"minecraft:chest":1,"minecraft:shield":4,"minecraft:torch":1,"minecraft:glow_berries":5,"minecraft:crafting_table":1,"minecraft:wooden_axe":7,"minecraft:flowering_azalea":1,"minecraft:bread":4,"minecraft:wooden_sword":1,"minecraft:cobblestone":42,"minecraft:furnace":1,"alexsmobs:animal_dictionary":1},"minecraft:custom":{"minecraft:interact_with_furnace":4,"minecraft:mob_kills":6,"minecraft:interact_with_crafting_table":7,"minecraft:leave_game":2,"minecraft:time_since_death":7031,"minecraft:climb_one_cm":827,"minecraft:time_since_rest":7073,"minecraft:sprint_one_cm":109308,"minecraft:damage_taken":234,"minecraft:walk_one_cm":49496,"minecraft:damage_blocked_by_shield":100,"minecraft:drop":3,"minecraft:damage_dealt":826,"minecraft:swim_one_cm":3853,"minecraft:fly_one_cm":88664,"minecraft:open_chest":4,"minecraft:crouch_one_cm":4693,"minecraft:sneak_time":1631,"minecraft:play_time":26323,"minecraft:deaths":1,"minecraft:walk_under_water_one_cm":3559,"minecraft:jump":534,"minecraft:walk_on_water_one_cm":2481,"minecraft:total_world_time":26323,"minecraft:fall_one_cm":10761},"minecraft:mined":{"projectvibrantjourneys:rocks":2,"minecraft:clay":5,"minecraft:cave_vines_plant":3,"minecraft:acacia_log":9,"minecraft:cobblestone":3,"minecraft:tall_grass":2,"minecraft:coarse_dirt":1,"minecraft:iron_ore":23,"projectvibrantjourneys:bones":1,"minecraft:grass":1,"minecraft:coal_ore":11,"minecraft:deepslate_iron_ore":11,"minecraft:stone":43,"minecraft:oak_leaves":2},"minecraft:picked_up":{"minecraft:wooden_axe":1,"minecraft:charcoal":1,"minecraft:crafting_table":1,"minecraft:coarse_dirt":1,"minecraft:clay_ball":20,"minecraft:leather":3,"minecraft:oak_log":12,"minecraft:shield":1,"minecraft:gunpowder":2,"minecraft:moss_carpet":2,"minecraft:leather_boots":1,"minecraft:bone":3,"minecraft:acacia_planks":6,"minecraft:wheat_seeds":2,"minecraft:beef":3,"minecraft:stone_pickaxe":1,"minecraft:flowering_azalea":2,"minecraft:stick":6,"minecraft:raw_iron":34,"minecraft:torch":1,"minecraft:acacia_log":9,"minecraft:stone_sword":2,"minecraft:arrow":4,"minecraft:rotten_flesh":4,"minecraft:bread":6,"minecraft:glow_berries":4,"minecraft:coal":11,"minecraft:cobblestone":100},"minecraft:crafted":{"minecraft:crafting_table":1,"minecraft:furnace":1,"minecraft:air":0,"minecraft:charcoal":2,"minecraft:stick":4,"minecraft:stone_pickaxe":1,"minecraft:wooden_axe":1,"minecraft:chest":1,"minecraft:acacia_planks":12},"minecraft:dropped":{"minecraft:stone_sword":1,"minecraft:clay_ball":20,"minecraft:charcoal":1},"minecraft:killed":{"minecraft:spider":1,"minecraft:skeleton":1,"minecraft:zombie":1,"alexsmobs:fly":1,"minecraft:cow":2}},"DataVersion":3465}