{"stats":{"minecraft:killed_by":{"minecraft:zombie":1},"minecraft:used":{"minecraft:wooden_axe":25,"projectvibrantjourneys:fallen_leaves":1,"minecraft:stone_sword":12,"minecraft:stone_pickaxe":218,"minecraft:shield":6,"minecraft:wooden_pickaxe":14,"minecraft:cobblestone":46,"minecraft:crafting_table":1,"minecraft:moss_block":4},"minecraft:custom":{"minecraft:time_since_rest":3528,"minecraft:interact_with_furnace":3,"minecraft:sprint_one_cm":41393,"minecraft:damage_taken":490,"minecraft:walk_one_cm":113729,"minecraft:damage_blocked_by_shield":230,"minecraft:mob_kills":4,"minecraft:drop":15,"minecraft:damage_dealt":782,"minecraft:swim_one_cm":4328,"minecraft:interact_with_crafting_table":6,"minecraft:fly_one_cm":50650,"minecraft:player_kills":1,"minecraft:open_chest":1,"minecraft:crouch_one_cm":10598,"minecraft:play_time":34024,"minecraft:deaths":2,"minecraft:sneak_time":3148,"minecraft:walk_under_water_one_cm":3107,"minecraft:jump":440,"minecraft:leave_game":1,"minecraft:time_since_death":3483,"minecraft:walk_on_water_one_cm":7657,"minecraft:climb_one_cm":720,"minecraft:total_world_time":34024,"minecraft:fall_one_cm":9456},"minecraft:mined":{"minecraft:iron_ore":34,"projectvibrantjourneys:bark_mushroom":1,"projectvibrantjourneys:rocks":1,"minecraft:clay":2,"minecraft:grass":2,"projectvibrantjourneys:twigs":4,"minecraft:acacia_log":6,"minecraft:coal_ore":10,"minecraft:oak_log":16,"projectvibrantjourneys:short_grass":5,"minecraft:stone":181,"projectvibrantjourneys:fallen_leaves":1,"minecraft:moss_block":4,"minecraft:oak_leaves":3,"projectvibrantjourneys:acacia_hollow_log":1},"minecraft:picked_up":{"minecraft:wooden_axe":1,"minecraft:raw_iron":33,"minecraft:stick":10,"minecraft:crafting_table":1,"minecraft:clay_ball":8,"projectvibrantjourneys:fallen_leaves":2,"projectvibrantjourneys:bark_mushroom":1,"car:canola_seeds":1,"minecraft:acacia_log":5,"minecraft:oak_log":16,"minecraft:shield":1,"minecraft:moss_carpet":5,"minecraft:string":1,"minecraft:leather_boots":1,"minecraft:stone_sword":2,"minecraft:wheat_seeds":2,"minecraft:tnt_minecart":1,"minecraft:oak_sapling":3,"minecraft:moss_block":4,"minecraft:coal":10,"minecraft:cobblestone":177},"minecraft:broken":{"minecraft:stone_pickaxe":1},"minecraft:crafted":{"minecraft:crafting_table":1,"minecraft:stick":8,"minecraft:wooden_pickaxe":1,"minecraft:stone_pickaxe":2,"minecraft:wooden_axe":1,"minecraft:stone_sword":2,"minecraft:acacia_planks":20,"minecraft:stone_axe":1},"minecraft:dropped":{"minecraft:stone_axe":1,"minecraft:wheat_seeds":1,"minecraft:oak_log":12,"minecraft:stone_sword":3,"minecraft:wooden_axe":1,"minecraft:crafting_table":1,"minecraft:raw_iron":25,"minecraft:cobblestone":121,"minecraft:coal":10,"minecraft:acacia_planks":6,"minecraft:stick":6},"minecraft:killed":{"minecraft:skeleton":1,"minecraft:zombie":1,"hordes:zombie_player":1,"minecraft:spider":1}},"DataVersion":3465}